/*
 Navicat Premium Data Transfer

 Source Server         : x.hizh.cn
 Source Server Type    : MySQL
 Source Server Version : 50619
 Source Host           : localhost
 Source Database       : eduupload

 Target Server Type    : MySQL
 Target Server Version : 50619
 File Encoding         : utf-8

 Date: 03/02/2017 09:05:22 AM
*/

SET NAMES utf8;
SET FOREIGN_KEY_CHECKS = 0;

-- ----------------------------
--  Table structure for `cms_channel`
-- ----------------------------
DROP TABLE IF EXISTS `cms_channel`;
CREATE TABLE `cms_channel` (
  `id` int(11) NOT NULL AUTO_INCREMENT,
  `name` varchar(100) DEFAULT NULL,
  `parentid` int(11) DEFAULT '0',
  `thumb` varchar(100) DEFAULT NULL,
  `outlink` varchar(255) DEFAULT NULL,
  `contenttemplate` varchar(255) DEFAULT NULL,
  `channeltemplate` varchar(255) DEFAULT NULL,
  `visible` smallint(6) DEFAULT '1',
  PRIMARY KEY (`id`)
) ENGINE=MyISAM AUTO_INCREMENT=19 DEFAULT CHARSET=utf8;

-- ----------------------------
--  Records of `cms_channel`
-- ----------------------------
BEGIN;
INSERT INTO `cms_channel` VALUES ('18', '上报栏目', '0', '', '', 'details', 'wordlist', '1');
COMMIT;

-- ----------------------------
--  Table structure for `cms_content`
-- ----------------------------
DROP TABLE IF EXISTS `cms_content`;
CREATE TABLE `cms_content` (
  `id` int(11) NOT NULL AUTO_INCREMENT,
  `title` varchar(100) NOT NULL,
  `description` varchar(255) DEFAULT NULL,
  `content` text,
  `order` int(11) DEFAULT '1',
  `views` int(11) DEFAULT '0',
  `qrcodeid` int(11) DEFAULT NULL,
  `cid` int(11) DEFAULT NULL,
  `time` varchar(50) DEFAULT NULL,
  `author` varchar(50) DEFAULT NULL,
  `source` varchar(50) DEFAULT NULL,
  `outlink` varchar(1000) DEFAULT NULL,
  `state` tinyint(4) DEFAULT '1',
  `thumb` varchar(255) DEFAULT NULL,
  `pos` varchar(50) DEFAULT NULL,
  `tags` varchar(100) DEFAULT NULL,
  `uid` int(11) DEFAULT NULL,
  PRIMARY KEY (`id`)
) ENGINE=MyISAM AUTO_INCREMENT=24 DEFAULT CHARSET=utf8;

-- ----------------------------
--  Records of `cms_content`
-- ----------------------------
BEGIN;
INSERT INTO `cms_content` VALUES ('15', '56', '6456', null, '0', '0', null, '18', '1487648270', 'test', null, null, '1', '', '', '', null), ('16', 'saf', 'sadfsa', '<p>safs</p>', '1', '0', null, '18', '1487662393', 'admin', null, null, '2', '', null, null, '8'), ('17', 'sdfs', 'sdfa', '<p>sadfasf</p>', '1', '0', null, '18', '1487662499', 'admin', null, null, '0', '', null, null, '8'), ('18', 'sadfa', 'sdfasd', '<p style=\"margin-top: 0px; margin-bottom: 0px; padding: 0px; border: 0px; outline: 0px; font-size: 14px; vertical-align: baseline; background: rgb(255, 255, 255); line-height: 25.6px; white-space: normal; max-width: 100%; clear: both; min-height: 1em; color: rgb(62, 62, 62); font-family: &quot;Hiragino Sans GB&quot;, &quot;Microsoft YaHei&quot;, Arial, sans-serif; text-align: center; box-sizing: border-box !important; word-wrap: break-word !important;\"><span style=\"margin: 0px; padding: 0px; border: 0px; outline: 0px; font-size: 16px; vertical-align: baseline; background: transparent;\"><strong style=\"margin: 0px; padding: 0px; border: 0px; outline: 0px; vertical-align: baseline; background: transparent; max-width: 100%; box-sizing: border-box !important; word-wrap: break-word !important;\"><span style=\"margin: 0px; padding: 0px; border: 0px; outline: 0px; font-size: 24px; vertical-align: baseline; background: transparent; max-width: 100%; color: rgb(255, 41, 65); box-sizing: border-box !important; word-wrap: break-word !important;\">厉害了！</span></strong></span></p><p style=\"margin-top: 0px; margin-bottom: 0px; padding: 0px; border: 0px; outline: 0px; font-size: 14px; vertical-align: baseline; background: rgb(255, 255, 255); line-height: 25.6px; white-space: normal; max-width: 100%; clear: both; min-height: 1em; color: rgb(62, 62, 62); font-family: &quot;Hiragino Sans GB&quot;, &quot;Microsoft YaHei&quot;, Arial, sans-serif; text-align: center; box-sizing: border-box !important; word-wrap: break-word !important;\"><span style=\"margin: 0px; padding: 0px; border: 0px; outline: 0px; font-size: 16px; vertical-align: baseline; background: transparent; max-width: 100%; box-sizing: border-box !important; word-wrap: break-word !important;\">你有没有想过，</span></p><p style=\"margin-top: 0px; margin-bottom: 0px; padding: 0px; border: 0px; outline: 0px; font-size: 14px; vertical-align: baseline; background: rgb(255, 255, 255); line-height: 25.6px; white-space: normal; max-width: 100%; clear: both; min-height: 1em; color: rgb(62, 62, 62); font-family: &quot;Hiragino Sans GB&quot;, &quot;Microsoft YaHei&quot;, Arial, sans-serif; text-align: center; box-sizing: border-box !important; word-wrap: break-word !important;\"><span style=\"margin: 0px; padding: 0px; border: 0px; outline: 0px; font-size: 16px; vertical-align: baseline; background: transparent; max-width: 100%; box-sizing: border-box !important; word-wrap: break-word !important;\">在珠海人口最密集的</span></p><p style=\"margin-top: 0px; margin-bottom: 0px; padding: 0px; border: 0px; outline: 0px; font-size: 14px; vertical-align: baseline; background: rgb(255, 255, 255); line-height: 25.6px; white-space: normal; max-width: 100%; clear: both; min-height: 1em; color: rgb(62, 62, 62); font-family: &quot;Hiragino Sans GB&quot;, &quot;Microsoft YaHei&quot;, Arial, sans-serif; text-align: center; box-sizing: border-box !important; word-wrap: break-word !important;\"><span style=\"margin: 0px; padding: 0px; border: 0px; outline: 0px; font-size: 16px; vertical-align: baseline; background: transparent; max-width: 100%; box-sizing: border-box !important; word-wrap: break-word !important;\">拱北口岸下方不足五米处，</span></p><p style=\"margin-top: 0px; margin-bottom: 0px; padding: 0px; border: 0px; outline: 0px; font-size: 14px; vertical-align: baseline; background: rgb(255, 255, 255); line-height: 25.6px; white-space: normal; max-width: 100%; clear: both; min-height: 1em; color: rgb(62, 62, 62); font-family: &quot;Hiragino Sans GB&quot;, &quot;Microsoft YaHei&quot;, Arial, sans-serif; text-align: center; box-sizing: border-box !important; word-wrap: break-word !important;\"><span style=\"margin: 0px; padding: 0px; border: 0px; outline: 0px; font-size: 16px; vertical-align: baseline; background: transparent; max-width: 100%; box-sizing: border-box !important; word-wrap: break-word !important;\">正在悄然进行着一项</span></p><p style=\"margin-top: 0px; margin-bottom: 0px; padding: 0px; border: 0px; outline: 0px; font-size: 14px; vertical-align: baseline; background: rgb(255, 255, 255); line-height: 25.6px; white-space: normal; max-width: 100%; clear: both; min-height: 1em; color: rgb(62, 62, 62); font-family: &quot;Hiragino Sans GB&quot;, &quot;Microsoft YaHei&quot;, Arial, sans-serif; text-align: center; box-sizing: border-box !important; word-wrap: break-word !important;\"><span style=\"margin: 0px; padding: 0px; border: 0px; outline: 0px; font-size: 16px; vertical-align: baseline; background: transparent; max-width: 100%; box-sizing: border-box !important; word-wrap: break-word !important;\">让人震惊的大project！</span></p><p style=\"margin-top: 0px; margin-bottom: 0px; padding: 0px; border: 0px; outline: 0px; font-size: 14px; vertical-align: baseline; background: rgb(255, 255, 255); line-height: 25.6px; white-space: normal; max-width: 100%; clear: both; min-height: 1em; color: rgb(62, 62, 62); font-family: &quot;Hiragino Sans GB&quot;, &quot;Microsoft YaHei&quot;, Arial, sans-serif; text-align: center; box-sizing: border-box !important; word-wrap: break-word !important;\"><span style=\"margin: 0px; padding: 0px; border: 0px; outline: 0px; font-size: 16px; vertical-align: baseline; background: transparent;\"><strong style=\"margin: 0px; padding: 0px; border: 0px; outline: 0px; vertical-align: baseline; background: transparent; max-width: 100%; box-sizing: border-box !important; word-wrap: break-word !important;\"><span style=\"margin: 0px; padding: 0px; border: 0px; outline: 0px; font-size: 18px; vertical-align: baseline; background: transparent; max-width: 100%; color: rgb(255, 41, 65); box-sizing: border-box !important; word-wrap: break-word !important;\">技术难度堪比“神九”！</span></strong></span></p><p style=\"margin-top: 0px; margin-bottom: 0px; padding: 0px; border: 0px; outline: 0px; font-size: 14px; vertical-align: baseline; background: rgb(255, 255, 255); line-height: 25.6px; white-space: normal; max-width: 100%; clear: both; min-height: 1em; color: rgb(62, 62, 62); font-family: &quot;Hiragino Sans GB&quot;, &quot;Microsoft YaHei&quot;, Arial, sans-serif; text-align: center; box-sizing: border-box !important; word-wrap: break-word !important;\"><br style=\"margin: 0px; padding: 0px; max-width: 100%; box-sizing: border-box !important; word-wrap: break-word !important;\"/></p><p style=\"margin-top: 0px; margin-bottom: 0px; padding: 0px; border: 0px; outline: 0px; font-size: 14px; vertical-align: baseline; background: rgb(255, 255, 255); line-height: 25.6px; white-space: normal; max-width: 100%; clear: both; min-height: 1em; color: rgb(62, 62, 62); font-family: &quot;Hiragino Sans GB&quot;, &quot;Microsoft YaHei&quot;, Arial, sans-serif; text-align: center; box-sizing: border-box !important; word-wrap: break-word !important;\"><img src=\"https://u.hizh.cn/u/cms/www/201702/28084428msq8.jpg\" title=\"8.jpg\" height=\"\" style=\"margin: 0px; padding: 0px; border: 0px; outline: 0px; vertical-align: baseline; background: transparent; max-width: 100%; height: auto;\"/></p><p style=\"margin-top: 0px; margin-bottom: 0px; padding: 0px; border: 0px; outline: 0px; font-size: 14px; vertical-align: baseline; background: rgb(255, 255, 255); line-height: 25.6px; white-space: normal; max-width: 100%; clear: both; min-height: 1em; color: rgb(62, 62, 62); font-family: &quot;Hiragino Sans GB&quot;, &quot;Microsoft YaHei&quot;, Arial, sans-serif; text-align: center; box-sizing: border-box !important; word-wrap: break-word !important;\"><br style=\"margin: 0px; padding: 0px; max-width: 100%; box-sizing: border-box !important; word-wrap: break-word !important;\"/></p><p style=\"margin-top: 0px; margin-bottom: 0px; padding: 0px; border: 0px; outline: 0px; font-size: 14px; vertical-align: baseline; background: rgb(255, 255, 255); line-height: 25.6px; white-space: normal; max-width: 100%; clear: both; min-height: 1em; color: rgb(62, 62, 62); font-family: &quot;Hiragino Sans GB&quot;, &quot;Microsoft YaHei&quot;, Arial, sans-serif; text-align: center; box-sizing: border-box !important; word-wrap: break-word !important;\"><span style=\"margin: 0px; padding: 0px; border: 0px; outline: 0px; font-size: 16px; vertical-align: baseline; background: transparent; max-width: 100%; box-sizing: border-box !important; word-wrap: break-word !important;\">没错，</span></p><p style=\"margin-top: 0px; margin-bottom: 0px; padding: 0px; border: 0px; outline: 0px; font-size: 14px; vertical-align: baseline; background: rgb(255, 255, 255); line-height: 25.6px; white-space: normal; max-width: 100%; clear: both; min-height: 1em; color: rgb(62, 62, 62); font-family: &quot;Hiragino Sans GB&quot;, &quot;Microsoft YaHei&quot;, Arial, sans-serif; text-align: center; box-sizing: border-box !important; word-wrap: break-word !important;\"><span style=\"margin: 0px; padding: 0px; border: 0px; outline: 0px; font-size: 16px; vertical-align: baseline; background: transparent; max-width: 100%; box-sizing: border-box !important; word-wrap: break-word !important;\">中国铁建所属十八局集团</span></p><p style=\"margin-top: 0px; margin-bottom: 0px; padding: 0px; border: 0px; outline: 0px; font-size: 14px; vertical-align: baseline; background: rgb(255, 255, 255); line-height: 25.6px; white-space: normal; max-width: 100%; clear: both; min-height: 1em; color: rgb(62, 62, 62); font-family: &quot;Hiragino Sans GB&quot;, &quot;Microsoft YaHei&quot;, Arial, sans-serif; text-align: center; box-sizing: border-box !important; word-wrap: break-word !important;\"><span style=\"margin: 0px; padding: 0px; border: 0px; outline: 0px; font-size: 16px; vertical-align: baseline; background: transparent; max-width: 100%; box-sizing: border-box !important; word-wrap: break-word !important;\">承建的世界级工程——</span></p><p style=\"margin-top: 0px; margin-bottom: 0px; padding: 0px; border: 0px; outline: 0px; font-size: 14px; vertical-align: baseline; background: rgb(255, 255, 255); line-height: 25.6px; white-space: normal; max-width: 100%; clear: both; min-height: 1em; color: rgb(62, 62, 62); font-family: &quot;Hiragino Sans GB&quot;, &quot;Microsoft YaHei&quot;, Arial, sans-serif; text-align: center; box-sizing: border-box !important; word-wrap: break-word !important;\"><span style=\"margin: 0px; padding: 0px; border: 0px; outline: 0px; font-size: 16px; vertical-align: baseline; background: transparent; max-width: 100%; box-sizing: border-box !important; word-wrap: break-word !important;\"><strong style=\"margin: 0px; padding: 0px; border: 0px; outline: 0px; vertical-align: baseline; background: transparent; max-width: 100%; box-sizing: border-box !important; word-wrap: break-word !important;\"><span style=\"margin: 0px; padding: 0px; border: 0px; outline: 0px; vertical-align: baseline; background: transparent; max-width: 100%; color: rgb(255, 41, 65); box-sizing: border-box !important; word-wrap: break-word !important;\">港珠澳大桥拱北隧道</span></strong></span></p><p style=\"margin-top: 0px; margin-bottom: 0px; padding: 0px; border: 0px; outline: 0px; font-size: 14px; vertical-align: baseline; background: rgb(255, 255, 255); line-height: 25.6px; white-space: normal; max-width: 100%; clear: both; min-height: 1em; color: rgb(62, 62, 62); font-family: &quot;Hiragino Sans GB&quot;, &quot;Microsoft YaHei&quot;, Arial, sans-serif; text-align: center; box-sizing: border-box !important; word-wrap: break-word !important;\"><span style=\"margin: 0px; padding: 0px; border: 0px; outline: 0px; font-size: 16px; vertical-align: baseline; background: transparent; max-width: 100%; box-sizing: border-box !important; word-wrap: break-word !important;\">正在创造着历史！</span></p><p style=\"margin-top: 0px; margin-bottom: 0px; padding: 0px; border: 0px; outline: 0px; font-size: 14px; vertical-align: baseline; background: rgb(255, 255, 255); line-height: 25.6px; white-space: normal; max-width: 100%; clear: both; min-height: 1em; color: rgb(62, 62, 62); font-family: &quot;Hiragino Sans GB&quot;, &quot;Microsoft YaHei&quot;, Arial, sans-serif; text-align: center; box-sizing: border-box !important; word-wrap: break-word !important;\"><br style=\"margin: 0px; padding: 0px; max-width: 100%; box-sizing: border-box !important; word-wrap: break-word !important;\"/></p><p style=\"margin-top: 0px; margin-bottom: 0px; padding: 0px; border: 0px; outline: 0px; font-size: 14px; vertical-align: baseline; background: rgb(255, 255, 255); line-height: 25.6px; white-space: normal; max-width: 100%; clear: both; min-height: 1em; color: rgb(62, 62, 62); font-family: &quot;Hiragino Sans GB&quot;, &quot;Microsoft YaHei&quot;, Arial, sans-serif; text-align: center; box-sizing: border-box !important; word-wrap: break-word !important;\"><img src=\"https://u.hizh.cn/u/cms/www/201702/28084428aqgx.jpg\" title=\"9.jpg\" height=\"\" style=\"margin: 0px; padding: 0px; border: 0px; outline: 0px; vertical-align: baseline; background: transparent; max-width: 100%; height: auto;\"/></p><p style=\"margin-top: 0px; margin-bottom: 0px; padding: 0px 0px 20px; border: 0px; outline: 0px; font-size: 14px; vertical-align: baseline; background: rgb(255, 255, 255); line-height: 2em; font-family: &quot;PingFang SC&quot;; white-space: normal; text-align: center;\"><span style=\"margin: 0px; padding: 0px; border: 0px; outline: 0px; vertical-align: baseline; background: transparent; font-family: &quot;Hiragino Sans GB&quot;, &quot;Microsoft YaHei&quot;, Arial, sans-serif; line-height: 25.6px;\">超大断面、超浅埋深、曲线管幕、大规模冻结……这座集中了人类迄今为止隧道建设全部难题，技术难度堪比“神九”的隧道真够拼！</span></p><p style=\"margin-top: 0px; margin-bottom: 0px; padding: 0px 0px 20px; border: 0px; outline: 0px; font-size: 14px; vertical-align: baseline; background: rgb(255, 255, 255); line-height: 2em; font-family: &quot;PingFang SC&quot;; text-align: justify; white-space: normal;\"><br/></p><p><section data-role=\"outer\" label=\"Powered by 135editor.com\" style=\"margin: 0px; padding: 0px; border: 0px; outline: 0px; font-size: 14px; vertical-align: baseline; background: rgb(255, 255, 255); font-family: &quot;PingFang SC&quot;; white-space: normal; text-align: center;\"><p style=\"margin-top: 0px; margin-bottom: 0px; padding: 0px 0px 20px; border: 0px; outline: 0px; vertical-align: baseline; background: transparent; line-height: 25.6px; font-family: 微软雅黑;\"><span style=\"margin: 0px; padding: 0px; border: 0px; outline: 0px; font-size: 16px; vertical-align: baseline; background: transparent;\">事不宜迟，</span></p><p style=\"margin-top: 0px; margin-bottom: 0px; padding: 0px 0px 20px; border: 0px; outline: 0px; vertical-align: baseline; background: transparent; line-height: 25.6px; font-family: 微软雅黑;\"><span style=\"margin: 0px; padding: 0px; border: 0px; outline: 0px; font-size: 16px; vertical-align: baseline; background: transparent;\">赶紧跟随央视记者的镜头，</span></p><p style=\"margin-top: 0px; margin-bottom: 0px; padding: 0px 0px 20px; border: 0px; outline: 0px; vertical-align: baseline; background: transparent; line-height: 25.6px; font-family: 微软雅黑;\"><span style=\"margin: 0px; padding: 0px; border: 0px; outline: 0px; font-size: 16px; vertical-align: baseline; background: transparent;\">带你看一场由中国铁建执导</span></p><p style=\"margin-top: 0px; margin-bottom: 0px; padding: 0px 0px 20px; border: 0px; outline: 0px; vertical-align: baseline; background: transparent; line-height: 25.6px; font-family: 微软雅黑;\"><span style=\"margin: 0px; padding: 0px; border: 0px; outline: 0px; font-size: 16px; vertical-align: baseline; background: transparent;\">的“泥鳅穿豆腐”、</span></p><p style=\"margin-top: 0px; margin-bottom: 0px; padding: 0px 0px 20px; border: 0px; outline: 0px; vertical-align: baseline; background: transparent; line-height: 25.6px; font-family: 微软雅黑;\"><span style=\"margin: 0px; padding: 0px; border: 0px; outline: 0px; font-size: 16px; vertical-align: baseline; background: transparent;\">“针尖上跳舞”的工程“大戏”！</span></p><p style=\"margin-top: 0px; margin-bottom: 0px; padding: 0px 0px 20px; border: 0px; outline: 0px; vertical-align: baseline; background: transparent; line-height: 25.6px; font-family: 微软雅黑;\"><span style=\"margin: 0px; padding: 0px; border: 0px; outline: 0px; font-size: 16px; vertical-align: baseline; background: transparent;\">▼</span></p><p style=\"margin-top: 0px; margin-bottom: 0px; padding: 0px 0px 20px; border: 0px; outline: 0px; vertical-align: baseline; background: transparent; line-height: 25.6px; font-family: 微软雅黑;\"><span style=\"margin: 0px; padding: 0px; border: 0px; outline: 0px; font-size: 16px; vertical-align: baseline; background: transparent;\">▼</span></p><p style=\"margin-top: 0px; margin-bottom: 0px; padding: 0px 0px 20px; border: 0px; outline: 0px; vertical-align: baseline; background: transparent; line-height: 25.6px; font-family: 微软雅黑;\"><span style=\"margin: 0px; padding: 0px; border: 0px; outline: 0px; font-size: 16px; vertical-align: baseline; background: transparent;\">▼</span></p><p style=\"margin-top: 0px; margin-bottom: 0px; padding: 0px; border: 0px; outline: 0px; vertical-align: baseline; background-image: initial; background-position: initial; background-size: initial; background-repeat: initial; background-attachment: initial; background-origin: initial; background-clip: initial; line-height: 25.6px; font-family: &quot;Hiragino Sans GB&quot;, &quot;Microsoft YaHei&quot;, Arial, sans-serif; max-width: 100%; clear: both; min-height: 1em; color: rgb(62, 62, 62); white-space: pre-wrap; box-sizing: border-box !important; word-wrap: break-word !important;\"><span style=\"margin: 0px; padding: 0px; border: 0px; outline: 0px; font-size: 16px; vertical-align: baseline; background: transparent;\"><strong style=\"margin: 0px; padding: 0px; border: 0px; outline: 0px; vertical-align: baseline; background: transparent; max-width: 100%; box-sizing: border-box !important; word-wrap: break-word !important;\"><span style=\"margin: 0px; padding: 0px; border: 0px; outline: 0px; font-size: 14px; vertical-align: baseline; background: transparent; max-width: 100%; font-family: 微软雅黑; line-height: 25.6px; color: rgb(136, 136, 136); box-sizing: border-box !important; word-wrap: break-word !important;\">▲央视十套《走近科学》—拱北隧道大揭秘</span></strong></span></p><span style=\"margin: 0px; padding: 0px; border: 0px; outline: 0px; vertical-align: baseline; background: transparent; font-family: 微软雅黑;\"><span style=\"margin: 0px; padding: 0px; border: 0px; outline: 0px; vertical-align: baseline; background: transparent; line-height: 25.6px;\"></span></span><p style=\"margin-top: 0px; margin-bottom: 0px; padding: 0px; border: 0px; outline: 0px; vertical-align: baseline; background-image: initial; background-position: initial; background-size: initial; background-repeat: initial; background-attachment: initial; background-origin: initial; background-clip: initial; line-height: 25.6px; font-family: &quot;Hiragino Sans GB&quot;, &quot;Microsoft YaHei&quot;, Arial, sans-serif; max-width: 100%; clear: both; min-height: 1em; color: rgb(62, 62, 62); white-space: pre-wrap; box-sizing: border-box !important; word-wrap: break-word !important;\"><br/></p><p style=\"margin-top: 0px; margin-bottom: 0px; padding: 0px 0px 20px; border: 0px; outline: 0px; vertical-align: baseline; background: transparent; line-height: 25.6px; font-family: 微软雅黑; text-align: left;\"><span style=\"margin: 0px; padding: 0px; border: 0px; outline: 0px; font-size: 16px; vertical-align: baseline; background: transparent;\"><strong style=\"margin: 0px; padding: 0px; border: 0px; outline: 0px; vertical-align: baseline; background: transparent;\"><span style=\"margin: 0px; padding: 0px; border: 0px; outline: 0px; vertical-align: baseline; background-image: initial; background-position: initial; background-size: initial; background-repeat: initial; background-attachment: initial; background-origin: initial; background-clip: initial; color: rgb(62, 62, 62); line-height: 19.2px;\">　　看点１：面积相当于一个篮球场的大小</span></strong></span></p><p style=\"margin-top: 0px; margin-bottom: 0px; padding: 0px 0px 20px; border: 0px; outline: 0px; vertical-align: baseline; background: transparent; line-height: 2em; text-align: left;\"><span style=\"margin: 0px; padding: 0px; border: 0px; outline: 0px; vertical-align: baseline; background: transparent; text-align: center; line-height: 19.2px;\"><span style=\"margin: 0px; padding: 0px; border: 0px; outline: 0px; vertical-align: baseline; background: transparent; font-family: 微软雅黑;\"><strong style=\"margin: 0px; padding: 0px; border: 0px; outline: 0px; vertical-align: baseline; background: transparent;\">　　</strong></span></span><span style=\"margin: 0px; padding: 0px; border: 0px; outline: 0px; vertical-align: baseline; background: transparent; font-family: &quot;Hiragino Sans GB&quot;, &quot;Microsoft YaHei&quot;, Arial, sans-serif; line-height: 25.6px; text-align: center;\">其中大断面有多大？</span><strong style=\"margin: 0px; padding: 0px; border: 0px; outline: 0px; vertical-align: baseline; background: transparent; font-family: &quot;Hiragino Sans GB&quot;, &quot;Microsoft YaHei&quot;, Arial, sans-serif; line-height: 25.6px; text-align: center; max-width: 100%; box-sizing: border-box !important; word-wrap: break-word !important;\"><span style=\"margin: 0px; padding: 0px; border: 0px; outline: 0px; vertical-align: baseline; background: transparent; max-width: 100%; color: rgb(255, 41, 65); box-sizing: border-box !important; word-wrap: break-word !important;\">直径相当于一个篮球场；</span></strong><span style=\"margin: 0px; padding: 0px; border: 0px; outline: 0px; vertical-align: baseline; background: transparent; font-family: &quot;Hiragino Sans GB&quot;, &quot;Microsoft YaHei&quot;, Arial, sans-serif; line-height: 25.6px; text-align: center;\">浅埋深，有多浅？隧道顶部土层厚度不足5米。拱北隧道暗挖段的分上下两层车道，把隧道的高度增加到了21米，</span><strong style=\"margin: 0px; padding: 0px; border: 0px; outline: 0px; vertical-align: baseline; background: transparent; font-family: &quot;Hiragino Sans GB&quot;, &quot;Microsoft YaHei&quot;, Arial, sans-serif; line-height: 25.6px; text-align: center; max-width: 100%; box-sizing: border-box !important; word-wrap: break-word !important;\"><span style=\"margin: 0px; padding: 0px; border: 0px; outline: 0px; vertical-align: baseline; background: transparent; max-width: 100%; color: rgb(255, 41, 65); box-sizing: border-box !important; word-wrap: break-word !important;\">相当于7、8层楼的高度。</span></strong></p><p style=\"margin-top: 0px; margin-bottom: 0px; padding: 0px; border: 0px; outline: 0px; vertical-align: baseline; background-image: initial; background-position: initial; background-size: initial; background-repeat: initial; background-attachment: initial; background-origin: initial; background-clip: initial; line-height: 25.6px; font-family: &quot;Hiragino Sans GB&quot;, &quot;Microsoft YaHei&quot;, Arial, sans-serif; max-width: 100%; clear: both; min-height: 1em; color: rgb(62, 62, 62); box-sizing: border-box !important; word-wrap: break-word !important;\"><br style=\"margin: 0px; padding: 0px; max-width: 100%; box-sizing: border-box !important; word-wrap: break-word !important;\"/></p><p style=\"margin-top: 0px; margin-bottom: 0px; padding: 0px; border: 0px; outline: 0px; vertical-align: baseline; background-image: initial; background-position: initial; background-size: initial; background-repeat: initial; background-attachment: initial; background-origin: initial; background-clip: initial; line-height: 25.6px; font-family: &quot;Hiragino Sans GB&quot;, &quot;Microsoft YaHei&quot;, Arial, sans-serif; max-width: 100%; clear: both; min-height: 1em; color: rgb(62, 62, 62); box-sizing: border-box !important; word-wrap: break-word !important;\"><img src=\"https://u.hizh.cn/u/cms/www/201702/280844282k17.jpg\" title=\"10.jpg\" height=\"\" style=\"margin: 0px; padding: 0px; border: 0px; outline: 0px; vertical-align: baseline; background: transparent; max-width: 100%; height: auto;\"/></p><p style=\"margin-top: 0px; margin-bottom: 0px; padding: 0px; border: 0px; outline: 0px; vertical-align: baseline; background-image: initial; background-position: initial; background-size: initial; background-repeat: initial; background-attachment: initial; background-origin: initial; background-clip: initial; line-height: 25.6px; font-family: &quot;Hiragino Sans GB&quot;, &quot;Microsoft YaHei&quot;, Arial, sans-serif; max-width: 100%; clear: both; min-height: 1em; color: rgb(62, 62, 62); box-sizing: border-box !important; word-wrap: break-word !important;\"><img src=\"https://u.hizh.cn/u/cms/www/201702/28084428lfmw.jpg\" title=\"11.jpg\" height=\"\" style=\"margin: 0px; padding: 0px; border: 0px; outline: 0px; vertical-align: baseline; background: transparent; max-width: 100%; height: auto;\"/></p><p style=\"margin-top: 0px; margin-bottom: 0px; padding: 0px; border: 0px; outline: 0px; vertical-align: baseline; background-image: initial; background-position: initial; background-size: initial; background-repeat: initial; background-attachment: initial; background-origin: initial; background-clip: initial; line-height: 25.6px; font-family: &quot;Hiragino Sans GB&quot;, &quot;Microsoft YaHei&quot;, Arial, sans-serif; max-width: 100%; clear: both; min-height: 1em; color: rgb(62, 62, 62); box-sizing: border-box !important; word-wrap: break-word !important;\"><br style=\"margin: 0px; padding: 0px; max-width: 100%; box-sizing: border-box !important; word-wrap: break-word !important;\"/></p><p style=\"margin-top: 0px; margin-bottom: 0px; padding: 0px; border: 0px; outline: 0px; vertical-align: baseline; background-image: initial; background-position: initial; background-size: initial; background-repeat: initial; background-attachment: initial; background-origin: initial; background-clip: initial; line-height: 25.6px; font-family: &quot;Hiragino Sans GB&quot;, &quot;Microsoft YaHei&quot;, Arial, sans-serif; max-width: 100%; clear: both; min-height: 1em; color: rgb(62, 62, 62); box-sizing: border-box !important; word-wrap: break-word !important;\"><span style=\"margin: 0px; padding: 0px; border: 0px; outline: 0px; font-size: 16px; vertical-align: baseline; background: transparent; max-width: 100%; box-sizing: border-box !important; word-wrap: break-word !important;\">　　</span><span style=\"margin: 0px; padding: 0px; border: 0px; outline: 0px; vertical-align: baseline; background: transparent; line-height: 25.6px;\">暗挖段短短255米，建设者奋战了5年，折合成每米造价160万元。面对</span><span style=\"margin: 0px; padding: 0px; border: 0px; outline: 0px; font-size: 16px; vertical-align: baseline; background: transparent; max-width: 100%; box-sizing: border-box !important; word-wrap: break-word !important;\"><strong style=\"margin: 0px; padding: 0px; border: 0px; outline: 0px; vertical-align: baseline; background: transparent; max-width: 100%; box-sizing: border-box !important; word-wrap: break-word !important;\"><span style=\"margin: 0px; padding: 0px; border: 0px; outline: 0px; vertical-align: baseline; background: transparent; max-width: 100%; color: rgb(255, 41, 65); box-sizing: border-box !important; word-wrap: break-word !important;\">海水倒灌、上面建筑变形坍塌、地质复杂</span></strong>等世界性难题……&nbsp;</span></p><p style=\"margin-top: 0px; margin-bottom: 0px; padding: 0px; border: 0px; outline: 0px; vertical-align: baseline; background-image: initial; background-position: initial; background-size: initial; background-repeat: initial; background-attachment: initial; background-origin: initial; background-clip: initial; line-height: 25.6px; font-family: &quot;Hiragino Sans GB&quot;, &quot;Microsoft YaHei&quot;, Arial, sans-serif; max-width: 100%; clear: both; min-height: 1em; color: rgb(62, 62, 62); box-sizing: border-box !important; word-wrap: break-word !important;\"><br/></p><section data-role=\"outer\" label=\"Powered by 135editor.com\" style=\"margin: 0px; padding: 0px; border: 0px; outline: 0px; vertical-align: baseline; background: transparent;\"><section data-tools=\"135编辑器\" data-id=\"88594\" data-color=\"rgb(30, 155, 232)\" data-custom=\"rgb(30, 155, 232)\" style=\"margin: 0px; padding: 0px; border: 0px; outline: 0px; vertical-align: baseline; background: transparent;\"><section style=\"margin: 0px; padding: 0px; border: 0px; outline: 0px; vertical-align: baseline; background: transparent;\"><section style=\"margin: 0px; padding: 0px; border: 0px; outline: 0px; vertical-align: baseline; background: transparent;\"><p style=\"margin-top: 0px; margin-bottom: 0px; padding: 0px 0px 20px; border: 0px; outline: 0px; vertical-align: baseline; background: transparent; line-height: 2em; text-align: left;\"><span style=\"margin: 0px; padding: 0px; border: 0px; outline: 0px; font-size: 16px; vertical-align: baseline; background: transparent;\"><strong style=\"margin: 0px; padding: 0px; border: 0px; outline: 0px; vertical-align: baseline; background: transparent;\"><span style=\"margin: 0px; padding: 0px; border: 0px; outline: 0px; vertical-align: baseline; background-image: initial; background-position: initial; background-size: initial; background-repeat: initial; background-attachment: initial; background-origin: initial; background-clip: initial; color: rgb(62, 62, 62); font-family: 微软雅黑; line-height: 19.2px;\">　　看点２：“曲线管幕”</span></strong></span></p><p style=\"margin-top: 0px; margin-bottom: 0px; padding: 0px 0px 20px; border: 0px; outline: 0px; vertical-align: baseline; background: transparent; line-height: 2em; text-align: left;\"><span style=\"margin: 0px; padding: 0px; border: 0px; outline: 0px; vertical-align: baseline; background-image: initial; background-position: initial; background-size: initial; background-repeat: initial; background-attachment: initial; background-origin: initial; background-clip: initial; text-align: center; line-height: 19.2px;\"><span style=\"margin: 0px; padding: 0px; border: 0px; outline: 0px; vertical-align: baseline; background: transparent; color: rgb(62, 62, 62); font-family: 微软雅黑;\"><strong style=\"margin: 0px; padding: 0px; border: 0px; outline: 0px; vertical-align: baseline; background: transparent;\">　　</strong></span></span><span style=\"margin: 0px; padding: 0px; border: 0px; outline: 0px; vertical-align: baseline; background: transparent; font-family: &quot;Hiragino Sans GB&quot;, &quot;Microsoft YaHei&quot;, Arial, sans-serif; line-height: 25.6px; text-align: center;\">为了尽可能的减少拱北隧道对口岸的影响，工程人员采用了管幕超前支护的施工方法，所谓的管幕是指由多根顶管组成的环形支护体系，拱北隧道共布置了36根这样的顶管，每根顶管直径长1.62米，平均长度为255米。</span></p><section style=\"margin: 0px; padding: 0px; border: 0px; outline: 0px; vertical-align: baseline; background: transparent; text-align: left;\"><section data-bcless=\"darken\" style=\"margin: 0px; padding: 0px; border: 0px; outline: 0px; vertical-align: baseline; background: transparent;\"></section></section></section></section></section><p style=\"margin-top: 0px; margin-bottom: 0px; padding: 0px; border: 0px; outline: 0px; vertical-align: baseline; background: transparent; line-height: 2em; max-width: 100%; clear: both; min-height: 1em; box-sizing: border-box !important; word-wrap: break-word !important;\"><br style=\"margin: 0px; padding: 0px; max-width: 100%; box-sizing: border-box !important; word-wrap: break-word !important;\"/></p><p style=\"margin-top: 0px; margin-bottom: 0px; padding: 0px; border: 0px; outline: 0px; vertical-align: baseline; background: transparent; line-height: 2em; max-width: 100%; clear: both; min-height: 1em; box-sizing: border-box !important; word-wrap: break-word !important;\"><img src=\"https://u.hizh.cn/u/cms/www/201702/280844292t19.jpg\" title=\"12.jpg\" height=\"\" style=\"margin: 0px; padding: 0px; border: 0px; outline: 0px; vertical-align: baseline; background: transparent; max-width: 100%; height: auto;\"/></p><p style=\"margin-top: 0px; margin-bottom: 0px; padding: 0px; border: 0px; outline: 0px; vertical-align: baseline; background: transparent; line-height: 2em; max-width: 100%; clear: both; min-height: 1em; box-sizing: border-box !important; word-wrap: break-word !important;\"><br/></p><p style=\"margin-top: 0px; margin-bottom: 0px; padding: 0px 0px 20px; border: 0px; outline: 0px; vertical-align: baseline; background: transparent; line-height: 2em; text-align: left;\">　　<span style=\"margin: 0px; padding: 0px; border: 0px; outline: 0px; font-size: 16px; vertical-align: baseline; background: transparent;\"><strong style=\"margin: 0px; padding: 0px; border: 0px; outline: 0px; vertical-align: baseline; background: transparent;\"><span style=\"margin: 0px; padding: 0px; border: 0px; outline: 0px; vertical-align: baseline; background-image: initial; background-position: initial; background-size: initial; background-repeat: initial; background-attachment: initial; background-origin: initial; background-clip: initial; color: rgb(62, 62, 62); font-family: 微软雅黑; line-height: 19.2px;\">看点3：施工风险极大、科技含量极高</span></strong></span></p><p style=\"margin-top: 0px; margin-bottom: 0px; padding: 0px 0px 20px; border: 0px; outline: 0px; vertical-align: baseline; background: transparent; line-height: 2em; text-align: left;\"><span style=\"margin: 0px; padding: 0px; border: 0px; outline: 0px; vertical-align: baseline; background-image: initial; background-position: initial; background-size: initial; background-repeat: initial; background-attachment: initial; background-origin: initial; background-clip: initial; color: rgb(62, 62, 62); text-align: center; line-height: 19.2px;\"><span style=\"margin: 0px; padding: 0px; border: 0px; outline: 0px; vertical-align: baseline; background: transparent; font-family: 微软雅黑;\"><strong style=\"margin: 0px; padding: 0px; border: 0px; outline: 0px; vertical-align: baseline; background: transparent;\">　　</strong></span></span><span style=\"margin: 0px; padding: 0px; border: 0px; outline: 0px; vertical-align: baseline; background-image: initial; background-position: initial; background-size: initial; background-repeat: initial; background-attachment: initial; background-origin: initial; background-clip: initial; color: rgb(62, 62, 62); font-family: &quot;Hiragino Sans GB&quot;, &quot;Microsoft YaHei&quot;, Arial, sans-serif; line-height: 25.6px; text-align: center;\">隧道采用左、右双线布置，并按照“先分离并行，再上下重叠，最后又分离并行”的形式设置，涉及海域人工岛明挖段、口岸暗挖段、陆域明挖段等不同结构形式和施工方法。</span></p></section><p style=\"margin-top: 0px; margin-bottom: 0px; padding: 0px; border: 0px; outline: 0px; vertical-align: baseline; background-image: initial; background-position: initial; background-size: initial; background-repeat: initial; background-attachment: initial; background-origin: initial; background-clip: initial; line-height: 25.6px; font-family: &quot;Hiragino Sans GB&quot;, &quot;Microsoft YaHei&quot;, Arial, sans-serif; max-width: 100%; clear: both; min-height: 1em; color: rgb(62, 62, 62); box-sizing: border-box !important; word-wrap: break-word !important;\"><br style=\"margin: 0px; padding: 0px; max-width: 100%; box-sizing: border-box !important; word-wrap: break-word !important;\"/></p><p style=\"margin-top: 0px; margin-bottom: 0px; padding: 0px; border: 0px; outline: 0px; vertical-align: baseline; background-image: initial; background-position: initial; background-size: initial; background-repeat: initial; background-attachment: initial; background-origin: initial; background-clip: initial; line-height: 25.6px; font-family: &quot;Hiragino Sans GB&quot;, &quot;Microsoft YaHei&quot;, Arial, sans-serif; max-width: 100%; clear: both; min-height: 1em; color: rgb(62, 62, 62); box-sizing: border-box !important; word-wrap: break-word !important;\"><span style=\"margin: 0px; padding: 0px; border: 0px; outline: 0px; font-size: 16px; vertical-align: baseline; background: transparent; max-width: 100%; color: rgb(61, 62, 66); font-family: 宋体; line-height: 32px; text-align: justify; text-indent: 32px; white-space: pre-wrap; box-sizing: border-box !important; word-wrap: break-word !important;\"><img src=\"https://u.hizh.cn/u/cms/www/201702/28084429li31.jpg\" title=\"13.jpg\" height=\"\" style=\"margin: 0px; padding: 0px; border: 0px; outline: 0px; vertical-align: baseline; background: transparent; max-width: 100%; height: auto;\"/><img src=\"https://u.hizh.cn/u/cms/www/201702/28084429c782.jpg\" title=\"14.jpg\" height=\"\" style=\"margin: 0px; padding: 0px; border: 0px; outline: 0px; vertical-align: baseline; background: transparent; max-width: 100%; height: auto;\"/></span></p><p style=\"margin-top: 0px; margin-bottom: 0px; padding: 0px; border: 0px; outline: 0px; vertical-align: baseline; background-image: initial; background-position: initial; background-size: initial; background-repeat: initial; background-attachment: initial; background-origin: initial; background-clip: initial; line-height: 25.6px; font-family: &quot;Hiragino Sans GB&quot;, &quot;Microsoft YaHei&quot;, Arial, sans-serif; max-width: 100%; clear: both; min-height: 1em; color: rgb(62, 62, 62); box-sizing: border-box !important; word-wrap: break-word !important;\"><br/></p><p style=\"margin-top: 0px; margin-bottom: 0px; padding: 0px 0px 20px; border: 0px; outline: 0px; vertical-align: baseline; background: transparent; line-height: 25.6px; font-family: 微软雅黑;\"><span style=\"margin: 0px; padding: 0px; border: 0px; outline: 0px; font-size: 16px; vertical-align: baseline; background: transparent;\"><span style=\"margin: 0px; padding: 0px; border: 0px; outline: 0px; font-size: 18px; vertical-align: baseline; background: transparent; max-width: 100%; box-sizing: border-box !important; word-wrap: break-word !important;\">　　</span></span><span style=\"margin: 0px; padding: 0px; border: 0px; outline: 0px; font-size: 16px; vertical-align: baseline; background: transparent; max-width: 100%; box-sizing: border-box !important; word-wrap: break-word !important;\">特别是施工风险极大、科技含量极高，长度仅为255米的隧道暗挖段，采用长距离“曲线管幕+冻结法”暗挖施工，集中了迄今人类建设隧道的全部难度，其管幕长度、管幕面积和冻结规模，均刷新了世界纪录</span><span style=\"margin: 0px; padding: 0px; border: 0px; outline: 0px; font-size: 16px; vertical-align: baseline; background: transparent;\"><span style=\"margin: 0px; padding: 0px; border: 0px; outline: 0px; font-size: 18px; vertical-align: baseline; background: transparent; max-width: 100%; box-sizing: border-box !important; word-wrap: break-word !important;\">，<strong style=\"margin: 0px; padding: 0px; border: 0px; outline: 0px; vertical-align: baseline; background: transparent; max-width: 100%; box-sizing: border-box !important; word-wrap: break-word !important;\"><span style=\"margin: 0px; padding: 0px; border: 0px; outline: 0px; font-size: 16px; vertical-align: baseline; background: transparent; max-width: 100%; color: rgb(255, 41, 65); box-sizing: border-box !important; word-wrap: break-word !important;\">是国内第一座采用曲线管幕法施工的隧道，也是世界上最长的超大断面曲线管幕隧道。</span></strong></span></span></p><p style=\"margin-top: 0px; margin-bottom: 0px; padding: 0px; border: 0px; outline: 0px; vertical-align: baseline; background-image: initial; background-position: initial; background-size: initial; background-repeat: initial; background-attachment: initial; background-origin: initial; background-clip: initial; line-height: 25.6px; font-family: &quot;Hiragino Sans GB&quot;, &quot;Microsoft YaHei&quot;, Arial, sans-serif; max-width: 100%; clear: both; min-height: 1em; color: rgb(62, 62, 62); white-space: pre-wrap; box-sizing: border-box !important; word-wrap: break-word !important;\"><br style=\"margin: 0px; padding: 0px; max-width: 100%; box-sizing: border-box !important; word-wrap: break-word !important;\"/></p><p style=\"margin-top: 0px; margin-bottom: 0px; padding: 0px; border: 0px; outline: 0px; vertical-align: baseline; background-image: initial; background-position: initial; background-size: initial; background-repeat: initial; background-attachment: initial; background-origin: initial; background-clip: initial; line-height: 25.6px; font-family: &quot;Hiragino Sans GB&quot;, &quot;Microsoft YaHei&quot;, Arial, sans-serif; max-width: 100%; clear: both; min-height: 1em; color: rgb(62, 62, 62); white-space: pre-wrap; box-sizing: border-box !important; word-wrap: break-word !important;\"><img src=\"https://u.hizh.cn/u/cms/www/201702/28084429w5ta.jpg\" title=\"15.jpg\" height=\"\" style=\"margin: 0px; padding: 0px; border: 0px; outline: 0px; vertical-align: baseline; background: transparent; max-width: 100%; height: auto;\"/></p><p style=\"margin-top: 0px; margin-bottom: 0px; padding: 0px; border: 0px; outline: 0px; vertical-align: baseline; background-image: initial; background-position: initial; background-size: initial; background-repeat: initial; background-attachment: initial; background-origin: initial; background-clip: initial; line-height: 25.6px; font-family: 微软雅黑; max-width: 100%; clear: both; min-height: 1em; color: rgb(62, 62, 62); box-sizing: border-box !important; word-wrap: break-word !important;\"><span style=\"margin: 0px; padding: 0px; border: 0px; outline: 0px; font-size: 16px; vertical-align: baseline; background: transparent; max-width: 100%; color: rgb(192, 0, 0); box-sizing: border-box !important; word-wrap: break-word !important;\"><strong style=\"margin: 0px; padding: 0px; border: 0px; outline: 0px; vertical-align: baseline; background: transparent; max-width: 100%; box-sizing: border-box !important; word-wrap: break-word !important;\"></strong></span></p><p style=\"margin-top: 0px; margin-bottom: 0px; padding: 0px 0px 20px; border: 0px; outline: 0px; vertical-align: baseline; background: transparent; line-height: 25.6px; font-family: 微软雅黑;\"><span style=\"margin: 0px; padding: 0px; border: 0px; outline: 0px; font-size: 16px; vertical-align: baseline; background: transparent;\">　　2016年12月28日拱北隧道的安全贯通，标志着港珠澳大桥13.4公里珠海连接线全线贯通，为港珠澳大桥按期建成通车打下了坚实基础。预计今年底，港珠澳大桥全线通车，“一小时生活圈”呼之欲出。</span></p><p style=\"margin-top: 0px; margin-bottom: 0px; padding: 0px; border: 0px; outline: 0px; vertical-align: baseline; background-image: initial; background-position: initial; background-size: initial; background-repeat: initial; background-attachment: initial; background-origin: initial; background-clip: initial; line-height: 25.6px; font-family: 微软雅黑; max-width: 100%; clear: both; min-height: 1em; color: rgb(62, 62, 62); box-sizing: border-box !important; word-wrap: break-word !important;\"><span style=\"margin: 0px; padding: 0px; border: 0px; outline: 0px; font-size: 18px; vertical-align: baseline; background: transparent; max-width: 100%; color: rgb(192, 0, 0); box-sizing: border-box !important; word-wrap: break-word !important;\"><strong style=\"margin: 0px; padding: 0px; border: 0px; outline: 0px; vertical-align: baseline; background: transparent; max-width: 100%; box-sizing: border-box !important; word-wrap: break-word !important;\"></strong><br/></span></p><p style=\"margin-top: 0px; margin-bottom: 0px; padding: 0px; border: 0px; outline: 0px; vertical-align: baseline; background-image: initial; background-position: initial; background-size: initial; background-repeat: initial; background-attachment: initial; background-origin: initial; background-clip: initial; line-height: 25.6px; font-family: 微软雅黑; max-width: 100%; clear: both; min-height: 1em; color: rgb(62, 62, 62); box-sizing: border-box !important; word-wrap: break-word !important;\"><span style=\"margin: 0px; padding: 0px; border: 0px; outline: 0px; font-size: 16px; vertical-align: baseline; background: transparent; max-width: 100%; color: rgb(192, 0, 0); box-sizing: border-box !important; word-wrap: break-word !important;\"><strong style=\"margin: 0px; padding: 0px; border: 0px; outline: 0px; vertical-align: baseline; background: transparent; max-width: 100%; box-sizing: border-box !important; word-wrap: break-word !important;\">在这里，必须说一声：</strong></span></p><p style=\"margin-top: 0px; margin-bottom: 0px; padding: 0px; border: 0px; outline: 0px; vertical-align: baseline; background-image: initial; background-position: initial; background-size: initial; background-repeat: initial; background-attachment: initial; background-origin: initial; background-clip: initial; line-height: 25.6px; font-family: 微软雅黑; max-width: 100%; clear: both; min-height: 1em; color: rgb(62, 62, 62); box-sizing: border-box !important; word-wrap: break-word !important;\"><span style=\"margin: 0px; padding: 0px; border: 0px; outline: 0px; font-size: 16px; vertical-align: baseline; background: transparent; max-width: 100%; color: rgb(192, 0, 0); box-sizing: border-box !important; word-wrap: break-word !important;\"><strong style=\"margin: 0px; padding: 0px; border: 0px; outline: 0px; vertical-align: baseline; background: transparent; max-width: 100%; box-sizing: border-box !important; word-wrap: break-word !important;\">建设者们辛苦了！</strong></span></p><p style=\"margin-top: 0px; margin-bottom: 0px; padding: 0px; border: 0px; outline: 0px; vertical-align: baseline; background-image: initial; background-position: initial; background-size: initial; background-repeat: initial; background-attachment: initial; background-origin: initial; background-clip: initial; line-height: 25.6px; font-family: &quot;Hiragino Sans GB&quot;, &quot;Microsoft YaHei&quot;, Arial, sans-serif; max-width: 100%; clear: both; min-height: 1em; color: rgb(62, 62, 62); box-sizing: border-box !important; word-wrap: break-word !important;\"><img data-type=\"gif\" data-src=\"http://mmbiz.qpic.cn/mmbiz_gif/Xt1LFOtA7wFpwvc527mUu2vVmNbHqEZS77K3DMO9B9LZ8adsys3icDFiaE96DZibOl2LNJDduWNv0nf0JRTfPqZrw/0?wx_fmt=gif\" data-ratio=\"1\" data-w=\"200\" src=\"https://u.hizh.cn/u/cms/www/201702/28084429bnsr.webp\" class=\" __bg_gif\" data-order=\"0\" data-fail=\"0\" height=\"\" style=\"margin: 0px; padding: 0px; border: 0px; outline: 0px; vertical-align: baseline; background: transparent; max-width: 100%; height: auto;\"/></p><p style=\"margin-top: 0px; margin-bottom: 0px; padding: 0px; border: 0px; outline: 0px; vertical-align: baseline; background-image: initial; background-position: initial; background-size: initial; background-repeat: initial; background-attachment: initial; background-origin: initial; background-clip: initial; line-height: 25.6px; font-family: &quot;Hiragino Sans GB&quot;, &quot;Microsoft YaHei&quot;, Arial, sans-serif; max-width: 100%; clear: both; min-height: 1em; color: rgb(62, 62, 62); box-sizing: border-box !important; word-wrap: break-word !important;\"><br style=\"margin: 0px; padding: 0px; max-width: 100%; box-sizing: border-box !important; word-wrap: break-word !important;\"/></p><p style=\"margin-top: 0px; margin-bottom: 0px; padding: 0px; border: 0px; outline: 0px; vertical-align: baseline; background-image: initial; background-position: initial; background-size: initial; background-repeat: initial; background-attachment: initial; background-origin: initial; background-clip: initial; line-height: 25.6px; font-family: &quot;Hiragino Sans GB&quot;, &quot;Microsoft YaHei&quot;, Arial, sans-serif; max-width: 100%; clear: both; min-height: 1em; color: rgb(62, 62, 62); box-sizing: border-box !important; word-wrap: break-word !important;\"><span style=\"margin: 0px; padding: 0px; border: 0px; outline: 0px; font-size: 16px; vertical-align: baseline; background: transparent; max-width: 100%; box-sizing: border-box !important; word-wrap: break-word !important;\"><strong style=\"margin: 0px; padding: 0px; border: 0px; outline: 0px; vertical-align: baseline; background: transparent; max-width: 100%; box-sizing: border-box !important; word-wrap: break-word !important;\"><span style=\"margin: 0px; padding: 0px; border: 0px; outline: 0px; vertical-align: baseline; background: transparent; max-width: 100%; color: rgb(255, 41, 65); box-sizing: border-box !important; word-wrap: break-word !important;\">港珠澳“一小时生活圈”，</span></strong></span></p><p style=\"margin-top: 0px; margin-bottom: 0px; padding: 0px; border: 0px; outline: 0px; vertical-align: baseline; background-image: initial; background-position: initial; background-size: initial; background-repeat: initial; background-attachment: initial; background-origin: initial; background-clip: initial; line-height: 25.6px; font-family: &quot;Hiragino Sans GB&quot;, &quot;Microsoft YaHei&quot;, Arial, sans-serif; max-width: 100%; clear: both; min-height: 1em; color: rgb(62, 62, 62); box-sizing: border-box !important; word-wrap: break-word !important;\"><span style=\"margin: 0px; padding: 0px; border: 0px; outline: 0px; font-size: 16px; vertical-align: baseline; background: transparent; max-width: 100%; box-sizing: border-box !important; word-wrap: break-word !important;\"><strong style=\"margin: 0px; padding: 0px; border: 0px; outline: 0px; vertical-align: baseline; background: transparent; max-width: 100%; box-sizing: border-box !important; word-wrap: break-word !important;\"><span style=\"margin: 0px; padding: 0px; border: 0px; outline: 0px; font-size: 20px; vertical-align: baseline; background: transparent; max-width: 100%; color: rgb(255, 41, 65); box-sizing: border-box !important; word-wrap: break-word !important;\">让我们拭目以待！</span></strong></span></p></section></p><p><br/></p>', '1', '0', null, '18', '1487662519', 'admin', null, null, '2', '', null, null, '8'), ('19', '我校学子赴广州参加美国学术十项全能大赛（简称USAD）', '2月9日，珠海一中的六名同学（高二的费玉婷、陈圣霖、汤委昆、伍家伟，高一的王祚洵和张博才）在郭精宇老师的带领下，前往广州市参加USAD。', '<p style=\"margin-top: 0.5em; margin-bottom: 0.5em; padding: 0px;\"><span style=\"margin: 0px; padding: 0px; font-size: 14px;\">2月9日，珠海一中的六名同学（高二的费玉婷、陈圣霖、汤委昆、伍家伟，高一的王祚洵和张博才）在郭精宇老师的带领下，前往广州市参加USAD。<br/>&nbsp;&nbsp;&nbsp;&nbsp; USAD，全称United States Academic Decathlon，即美国学术十项全能大赛。作为美国首屈一指的高中生综合学术竞赛平台，迄今已经拥有48年历史。USAD概念形成于二战期间，由美国当时一名飞行员罗伯特·彼得森提出，希望通过竞赛让学生在10个不同的学术范畴展示他们知识和教育技能，藉此帮助更多的学生发挥他们的教育潜力，并成为多方面综合发展的学生。<br/>&nbsp;&nbsp;&nbsp;&nbsp; 2015年2月，首届USAD中国赛在上海举行。今年是第三届赛事，主题为：二战。参赛者将围绕这一主题，学习经济、文学、社会科学、科学、艺术、音乐方面的内容，并进行客观题测试、演讲、面试、创新赛、超级问答等十个项目的比赛。这次大赛历时四天，吸引了71所全国各地高中名校和国际学校，超过1100人参加，也吸引了省内如华附、省实和深中等众多名校学子参赛。<br/>&nbsp; &nbsp; &nbsp;我校学生从2006年11月底开始组队，在队长费玉婷同学的带领下，开始了紧张而又充实的准备工作。USAD非常强调参赛者自主学习能力、团队协作能力、批判性思维能力等，所以在两个月的备赛中，队员们在老师的指导下，开展自主学习，努力克服时间紧、学习内容多等各种困难。<br/>&nbsp; &nbsp; &nbsp; 参加USAD比赛，让大家深切感受到了一场顶级赛事给人的影响。在这里，来自全国各地名校的优秀学子一展风采。在这里，不同的思想激情碰撞。在这里，大家懂得了团队协作的智慧。在这里，大家也收获了成长。</span></p><p class=\"rteright\" style=\"margin-top: 0.5em; margin-bottom: 0.5em; padding: 0px; text-align: right;\"><span style=\"margin: 0px; padding: 0px; font-size: 14px;\">稿：王祚洵</span></p><p class=\"rtecenter\" style=\"margin-top: 0.5em; margin-bottom: 0.5em; padding: 0px; text-align: center;\"><img alt=\"\" src=\"http://www.zhedu.net/cms/sites/zhedu/files/inserted_image/~D83LRYGU4%40FD2AG%5DR%287ZU3.png\" style=\"border: 0px; width: 700px; height: 526px;\"/></p><p class=\"rtecenter\" style=\"margin-top: 0.5em; margin-bottom: 0.5em; padding: 0px; text-align: center;\"><img alt=\"\" src=\"http://www.zhedu.net/cms/sites/zhedu/files/inserted_image/CX8H4CB8CUDXHA%60%286D21CVI.png\" style=\"border: 0px; width: 700px; height: 525px;\"/></p><p class=\"rtecenter\" style=\"margin-top: 0.5em; margin-bottom: 0.5em; padding: 0px; text-align: center;\"><img alt=\"\" src=\"http://www.zhedu.net/cms/sites/zhedu/files/inserted_image/X%7BZ4NTG%602%25R1U%5BA%5D63H0E1N.png\" style=\"border: 0px; width: 700px; height: 526px;\"/></p><p class=\"rtecenter\" style=\"margin-top: 0.5em; margin-bottom: 0.5em; padding: 0px; text-align: center;\"><img alt=\"\" src=\"http://www.zhedu.net/cms/sites/zhedu/files/inserted_image/Z4Q%7BQY%24J5WGW~42_Z%242M9EU.png\" style=\"border: 0px; width: 700px; height: 526px;\"/></p><p class=\"rtecenter\" style=\"margin-top: 0.5em; margin-bottom: 0.5em; padding: 0px; text-align: center;\"><img alt=\"\" src=\"http://www.zhedu.net/cms/sites/zhedu/files/inserted_image/LO%60M%2931N3RYAQ68IMHAVPE9.png\" style=\"border: 0px; width: 700px; height: 485px;\"/></p><p><br/></p><p><br/></p>', '1', '0', null, '18', '1487902919', 'test', null, null, '0', '', null, null, '13'), ('20', '喜报——我校11名高三学生通过空军招飞复检”', '', '<p style=\"margin-top: 0.5em; margin-bottom: 0.5em; padding: 0px; color: rgb(50, 50, 50); font-family: &quot;Myriad Pro&quot;, Myriad, &quot;Trebuchet MS&quot;, Arial, Helvetica, sans-serif; font-size: 13px; white-space: normal; background-color: rgb(255, 255, 255);\">&nbsp; &nbsp; &nbsp; 2月18日-21日,由高三艾新文副主任带队,我校通过招飞初选的同学到广州参加招飞复检,最终复检通过11人（一中本部6人，平沙校区2人，一中附属实验学校3人）,这是我校一直坚持实施校本航空课程、积极培养社会责任感的成果,感谢体育科组、心育科组、航空俱乐部与校医务室、高三年级为本次参加复检的同学进行相应培训与指导所做的工作。</p><p style=\"margin-top: 0.5em; margin-bottom: 0.5em; padding: 0px; color: rgb(50, 50, 50); font-family: &quot;Myriad Pro&quot;, Myriad, &quot;Trebuchet MS&quot;, Arial, Helvetica, sans-serif; font-size: 13px; white-space: normal; background-color: rgb(255, 255, 255);\">&nbsp;&nbsp;&nbsp;&nbsp;&nbsp;&nbsp; 在高考后还会有一次定选，我们将做好复选学生的身体和文化保苗工作，争取2017年我校能够多出飞、出好飞!让我校更多的同学能在未来为我国的航空航天事业做出贡献！</p><p><br/></p>', '1', '0', null, '18', '1488268485', '一中', null, null, '1', '', null, null, '13'), ('21', '是东方闪电', '手动阀但是', '<p>手动阀但是</p>', '1', '0', null, '18', '1488269174', '金湾教育', null, null, '1', '', null, null, '14'), ('22', 'sdfsd', 'sdfsdf', '<p>sdfdsf</p>', '1', '0', null, '18', '1488269281', '金湾教育', null, null, '1', '', null, null, '14'), ('23', '金湾区新学期20辆全新专用校车“上岗”', '', '<p style=\"margin-top: 0px;margin-bottom: 0px;padding: 0px;font-family: 宋体;font-size: 12px;white-space: normal;background-color: rgb(255, 255, 255);text-indent: 28px;line-height: 24px\"><span style=\";padding: 0px;font-size: 19px;line-height: 37.3333px;font-family: 仿宋_GB2312\">新学年，新气象。<span style=\";padding: 0px\">2017</span>年春季新学期伊始，金湾区为金湾一小、小林实验小学、矿山小学、海澄小学、三灶中心小学和鱼林小学共<span style=\";padding: 0px\">6</span>所公办小学配置的<span style=\";padding: 0px\">20</span>辆全新专用校车正式“上岗”，约<span style=\";padding: 0px\">2000</span>名学生免费享受安全、舒适的专用校车服务。</span></p><p style=\"margin-top: 0px;margin-bottom: 0px;padding: 0px;font-family: 宋体;font-size: 12px;white-space: normal;background-color: rgb(255, 255, 255);text-indent: 28px;line-height: 24px\"><span style=\";padding: 0px;font-size: 19px;line-height: 37.3333px;font-family: 仿宋_GB2312\"><img alt=\"\" src=\"http://www.jwjy.net/UploadFiles/2017/2/201702160916346160.png\" style=\";padding: 0px;border-style: none;width: 579px;height: 346px;display: inline\"/></span></p><p style=\"margin-top: 0px;margin-bottom: 0px;padding: 0px;font-family: 宋体;font-size: 12px;white-space: normal;background-color: rgb(255, 255, 255);text-indent: 35px;line-height: 24px\"><span style=\";padding: 0px;font-size: 19px;line-height: 37.3333px;font-family: 仿宋_GB2312\">据悉，我区此前是通过高峰专线车、租赁校车等方式接送学生，根据《广东省实施校车安全管理条例》（广东省人民政府令第<span style=\";padding: 0px\">[208]</span>号）及《珠海市人民政府关于延长校车使用过渡期的通知》（珠府函<span style=\";padding: 0px\">[2015]34</span>号）的要求，高峰专线车、租赁校车等非专用校车的运营至<span style=\";padding: 0px\">2016</span>年<span style=\";padding: 0px\">12</span>月<span style=\";padding: 0px\">31</span>日停止。为保障学生上下课安全，去年<span style=\";padding: 0px\">8</span>月金湾区教育局向区政府提出申请，通过公开招标，由区政府每年投入约<span style=\";padding: 0px\">400</span>万元向有资质、有实力的专业巴士客运公司购买<span style=\";padding: 0px\">20</span>辆专用校车打包服务，其中包括每台车配备一个跟车员。</span></p><p style=\"margin-top: 0px;margin-bottom: 0px;padding: 0px;font-family: 宋体;font-size: 12px;white-space: normal;background-color: rgb(255, 255, 255);text-indent: 37px;line-height: 24px\"><span style=\";padding: 0px;font-size: 19px;line-height: 37.3333px;font-family: 仿宋_GB2312\">政府强化教育安全的措施赢得了家长和教师的称赞。</span></p><p><br/></p>', '1', '0', null, '18', '1488269461', '金湾教育', null, null, '1', '', null, null, '14');
COMMIT;

-- ----------------------------
--  Table structure for `cms_systemsetting`
-- ----------------------------
DROP TABLE IF EXISTS `cms_systemsetting`;
CREATE TABLE `cms_systemsetting` (
  `id` bigint(20) NOT NULL AUTO_INCREMENT,
  `module` varchar(20) DEFAULT NULL,
  `value` varchar(20) DEFAULT NULL,
  PRIMARY KEY (`id`)
) ENGINE=MyISAM AUTO_INCREMENT=2 DEFAULT CHARSET=utf8;

-- ----------------------------
--  Records of `cms_systemsetting`
-- ----------------------------
BEGIN;
INSERT INTO `cms_systemsetting` VALUES ('1', 'systemsetting', '0');
COMMIT;

-- ----------------------------
--  Table structure for `cms_tag`
-- ----------------------------
DROP TABLE IF EXISTS `cms_tag`;
CREATE TABLE `cms_tag` (
  `id` int(11) NOT NULL AUTO_INCREMENT,
  `name` varchar(100) DEFAULT NULL,
  `status` tinyint(4) DEFAULT '1',
  PRIMARY KEY (`id`)
) ENGINE=InnoDB DEFAULT CHARSET=utf8mb4;

-- ----------------------------
--  Table structure for `cms_user`
-- ----------------------------
DROP TABLE IF EXISTS `cms_user`;
CREATE TABLE `cms_user` (
  `id` int(11) NOT NULL AUTO_INCREMENT,
  `loginname` varchar(50) NOT NULL,
  `name` varchar(50) NOT NULL,
  `pwd` varchar(100) NOT NULL,
  `authority` tinyint(4) DEFAULT '4',
  `cityid` int(11) DEFAULT NULL,
  `districtid` int(11) DEFAULT NULL,
  `unitid` int(11) DEFAULT NULL,
  `state` tinyint(4) DEFAULT '1',
  PRIMARY KEY (`id`)
) ENGINE=MyISAM AUTO_INCREMENT=11 DEFAULT CHARSET=utf8;

-- ----------------------------
--  Records of `cms_user`
-- ----------------------------
BEGIN;
INSERT INTO `cms_user` VALUES ('1', 'sohenk', 'sohenk', '202cb962ac59075b964b07152d234b70', '2', null, null, null, '1'), ('8', 'admin', 'admin', '202cb962ac59075b964b07152d234b70', '4', null, null, null, '1');
COMMIT;

-- ----------------------------
--  Table structure for `menu`
-- ----------------------------
DROP TABLE IF EXISTS `menu`;
CREATE TABLE `menu` (
  `menu_id` int(11) NOT NULL AUTO_INCREMENT,
  `menu_title` varchar(255) NOT NULL,
  `menu_controller` varchar(50) NOT NULL,
  `parent_id` int(11) NOT NULL,
  `is_show` tinyint(1) DEFAULT '1',
  `menuclass` varchar(100) DEFAULT NULL,
  `menu_method` varchar(50) DEFAULT NULL,
  `menu_param` varchar(255) DEFAULT NULL,
  `menu_action` varchar(255) DEFAULT NULL,
  PRIMARY KEY (`menu_id`)
) ENGINE=InnoDB AUTO_INCREMENT=46 DEFAULT CHARSET=utf8;

-- ----------------------------
--  Records of `menu`
-- ----------------------------
BEGIN;
INSERT INTO `menu` VALUES ('1', '系统管理', 'admin', '0', '1', 'glyphicon glyphicon-star', null, null, null), ('3', '菜单管理', 'admin', '1', '1', null, 'menulist', null, null), ('4', '角色管理', 'admin', '1', '1', null, 'rolelist', null, null), ('5', '管理员管理', 'admin', '1', '1', null, 'adminuserlist', null, null), ('13', '菜单action', 'admin', '1', '0', null, 'menuprofile', null, null), ('14', '角色action', 'admin', '1', '0', null, 'roleprofile', null, null), ('15', '管理员action', 'admin', '1', '0', null, 'adminuserprofile', null, null), ('16', '角色权限分配', 'admin', '1', '0', '', 'roleprivilege', null, null), ('19', '内容管理', 'cms', '0', '1', '', '', '', ''), ('20', '内容列表', 'cms', '19', '1', '', 'contentlist', '', ''), ('21', '控制台', 'admin', '0', '0', '', 'index', null, null), ('22', '栏目列表', 'cms', '19', '1', '', 'channellists', '', 'comm_cms_channel_list'), ('27', '新增栏目', 'cms', '19', '0', '', 'addchannel', '', ''), ('30', '栏目管理', 'cms', '19', '1', '', 'channellist', '', ''), ('31', '编辑栏目', 'cms', '19', '0', '', 'editchannel', '', ''), ('32', '删除栏目', 'cms', '19', '0', '', 'delchannel', '', ''), ('33', '新增内容', 'cms', '19', '0', '', 'addcontent', '', ''), ('34', '编辑内容', 'cms', '19', '0', '', 'editcontent', '', ''), ('35', '删除内容', 'cms', '19', '0', '', 'delcontent', '', ''), ('44', '删除所有选中项', 'cms', '19', '0', '', 'delAll', '', ''), ('45', '内容状态更改', 'cms', '19', '0', '', 'chstatus', '', '');
COMMIT;

-- ----------------------------
--  Table structure for `role`
-- ----------------------------
DROP TABLE IF EXISTS `role`;
CREATE TABLE `role` (
  `role_id` int(11) NOT NULL AUTO_INCREMENT,
  `role_name` varchar(25) NOT NULL,
  `role_shortname` varchar(25) NOT NULL,
  PRIMARY KEY (`role_id`)
) ENGINE=InnoDB AUTO_INCREMENT=3 DEFAULT CHARSET=utf8;

-- ----------------------------
--  Records of `role`
-- ----------------------------
BEGIN;
INSERT INTO `role` VALUES ('1', '管理员', 'admin'), ('2', '编辑', 'editor');
COMMIT;

-- ----------------------------
--  Table structure for `roleprivilege`
-- ----------------------------
DROP TABLE IF EXISTS `roleprivilege`;
CREATE TABLE `roleprivilege` (
  `role_id` int(11) NOT NULL,
  `menu_id` int(11) NOT NULL
) ENGINE=MyISAM DEFAULT CHARSET=utf8;

-- ----------------------------
--  Records of `roleprivilege`
-- ----------------------------
BEGIN;
INSERT INTO `roleprivilege` VALUES ('5', '16'), ('5', '15'), ('5', '14'), ('5', '5'), ('5', '4'), ('5', '3'), ('5', '1'), ('1', '21'), ('1', '45'), ('1', '44'), ('1', '35'), ('1', '34'), ('1', '33'), ('1', '32'), ('1', '31'), ('1', '30'), ('1', '27'), ('1', '22'), ('1', '20'), ('1', '19'), ('1', '16'), ('1', '15'), ('1', '14'), ('1', '13'), ('1', '5'), ('1', '4'), ('1', '3'), ('1', '1'), ('2', '44'), ('2', '35'), ('2', '34'), ('2', '33'), ('2', '22'), ('2', '20'), ('2', '19'), ('2', '21');
COMMIT;

-- ----------------------------
--  Table structure for `system_setting`
-- ----------------------------
DROP TABLE IF EXISTS `system_setting`;
CREATE TABLE `system_setting` (
  `id` int(11) NOT NULL AUTO_INCREMENT,
  `key` varchar(50) NOT NULL,
  `value` varchar(255) NOT NULL,
  PRIMARY KEY (`id`)
) ENGINE=InnoDB DEFAULT CHARSET=utf8 ROW_FORMAT=COMPACT;

-- ----------------------------
--  Table structure for `user`
-- ----------------------------
DROP TABLE IF EXISTS `user`;
CREATE TABLE `user` (
  `id` int(11) NOT NULL AUTO_INCREMENT,
  `loginname` varchar(50) NOT NULL,
  `name` varchar(50) NOT NULL,
  `pwd` varchar(100) NOT NULL,
  `authority` tinyint(4) DEFAULT '4',
  `role_id` int(11) DEFAULT NULL,
  `state` tinyint(4) NOT NULL DEFAULT '1',
  `isctrother` tinyint(4) NOT NULL DEFAULT '0' COMMENT '是否可以看别人的数据',
  PRIMARY KEY (`id`)
) ENGINE=MyISAM AUTO_INCREMENT=15 DEFAULT CHARSET=utf8;

-- ----------------------------
--  Records of `user`
-- ----------------------------
BEGIN;
INSERT INTO `user` VALUES ('1', 'sohenk', 'sohenk', '202cb962ac59075b964b07152d234b70', '2', '1', '1', '0'), ('8', 'admin', 'admin', '202cb962ac59075b964b07152d234b70', '4', '1', '1', '1'), ('12', '斗门教育局', '斗门教育局', 'd9b474c70cf0d01f1d0dc08567e25d8f', '4', '2', '1', '0'), ('13', '一中', '一中', '511f9206fe6d24f4ff0fcc3845551b7c', '4', '2', '1', '0'), ('14', '金湾教育', '金湾教育', '57ddc7b8538859271bffb1cbd6f5011f', '4', '2', '1', '0');
COMMIT;

SET FOREIGN_KEY_CHECKS = 1;
